,City,Latitude,Longitude,Temperature,Humidity,Cloudiness,WindSpeed
0,Kapaa,22.08,-159.32,29.18,66.0,40.0,5.1
1,Castro,-42.48,-73.76,9.0,100.0,90.0,5.1
2,Manggar,-2.88,108.27,26.15,73.0,57.0,2.63
3,Kapaa,22.08,-159.32,29.18,66.0,40.0,5.1
4,Ushuaia,-54.81,-68.31,3.0,64.0,40.0,6.2
5,Rikitea,-23.12,-134.97,23.75,85.0,5.0,4.75
6,Vestmanna,62.16,-7.17,7.0,93.0,33.0,0.5
7,Cape Town,-33.93,18.42,14.09,93.0,40.0,6.7
8,Rikitea,-23.12,-134.97,23.75,85.0,5.0,4.75
9,Rikitea,-23.12,-134.97,23.75,85.0,5.0,4.75
10,Ambon,-3.7,128.18,25.0,88.0,75.0,2.1
11,Jardim,-21.48,-56.15,24.05,44.0,18.0,3.3
12,Rawson,-43.3,-65.11,4.85,80.0,83.0,6.78
13,Port Alfred,-33.59,26.89,13.89,72.0,0.0,1.49
14,Esperance,-33.86,121.89,6.0,87.0,0.0,4.6
15,Puerto Leguizamo,-0.19,-74.78,21.95,93.0,65.0,0.97
16,Cherskiy,68.75,161.3,11.65,44.0,0.0,3.45
17,Yellowknife,62.45,-114.38,17.85,52.0,75.0,3.1
18,Qaanaaq,77.48,-69.36,5.25,45.0,0.0,1.71
19,Hobart,-42.88,147.33,8.04,87.0,75.0,3.1
20,Grand Gaube,-20.01,57.66,20.09,68.0,40.0,2.6
21,Sao Filipe,14.9,-24.5,24.15,84.0,100.0,9.36
22,Saint George,32.38,-64.68,28.74,74.0,40.0,5.7
23,Khatanga,71.98,102.47,13.75,49.0,76.0,3.69
24,Mount Isa,-20.73,139.49,17.0,33.0,0.0,5.84
25,Busselton,-33.64,115.35,11.95,71.0,100.0,13.64
26,Punta Arenas,-53.16,-70.91,2.89,88.0,20.0,7.7
27,Clyde River,70.47,-68.59,5.0,93.0,90.0,2.6
28,Kurchum,48.57,83.65,15.05,68.0,28.0,1.08
29,Kirksville,40.19,-92.58,23.47,69.0,40.0,6.2
30,Hermanus,-34.42,19.24,9.39,97.0,0.0,2.74
31,Nantucket,41.28,-70.1,21.41,83.0,1.0,4.1
32,Hermanus,-34.42,19.24,9.39,97.0,0.0,2.74
33,Sitka,37.17,-99.65,37.81,28.0,0.0,5.81
34,Busselton,-33.64,115.35,11.95,71.0,100.0,13.64
35,Saskylakh,71.97,114.09,13.25,51.0,73.0,3.77
36,Busselton,-33.64,115.35,11.95,71.0,100.0,13.64
37,East London,-33.02,27.91,13.25,38.0,0.0,1.74
38,Aleksandrovskoye,56.74,85.39,12.42,100.0,0.0,1.0
39,Nikolskoye,59.7,30.79,12.91,82.0,0.0,3.0
40,Pandaria,22.22,81.41,21.55,95.0,88.0,2.81
41,Cockburn Town,24.03,-74.52,28.75,78.0,12.0,5.64
42,Arraial do Cabo,-22.97,-42.02,16.0,72.0,75.0,2.1
43,Meulaboh,4.14,96.13,27.75,71.0,96.0,1.96
44,Canutama,-6.53,-64.38,26.75,48.0,61.0,0.34
45,Souillac,-20.52,57.52,19.85,68.0,40.0,2.6
46,Hermanus,-34.42,19.24,9.39,97.0,0.0,2.74
47,Ribeira Grande,38.52,-28.7,22.95,89.0,0.0,4.6
48,Kapaa,22.08,-159.32,29.18,66.0,40.0,5.1
49,Urusha,54.05,122.9,17.65,57.0,91.0,2.02
50,Boa Vista,2.82,-60.67,27.0,78.0,40.0,1.5
51,Synya,65.37,58.04,12.85,89.0,100.0,3.42
52,Mar del Plata,-46.43,-67.52,1.55,74.0,3.0,1.03
53,Rikitea,-23.12,-134.97,23.75,85.0,5.0,4.75
54,Bethel,60.79,-161.76,14.0,93.0,90.0,8.2
55,Port Elizabeth,-33.92,25.57,11.0,100.0,0.0,1.0
56,Auki,-8.77,160.7,28.05,79.0,15.0,10.41
57,Puerto Ayora,-0.74,-90.35,22.39,61.0,40.0,10.3
58,Puerto Escondido,15.86,-97.07,32.0,70.0,40.0,4.6
59,Nikolskoye,59.7,30.79,12.91,82.0,0.0,3.0
60,Hasaki,35.73,140.83,28.03,83.0,75.0,6.2
61,New Norfolk,-42.78,147.06,8.34,76.0,75.0,4.6
62,Zhaodong,46.07,125.99,20.0,100.0,75.0,3.0
63,Hasaki,35.73,140.83,28.03,83.0,75.0,6.2
64,Talnakh,69.49,88.39,14.0,82.0,75.0,5.0
65,Lazaro Cardenas,28.39,-105.62,30.0,35.0,40.0,9.3
66,Kiruna,67.86,20.23,10.0,93.0,87.0,3.1
67,Aklavik,68.22,-135.01,5.4,93.0,90.0,9.8
68,Iki-Burul,45.82,44.65,20.0,45.0,0.0,6.0
69,Norman Wells,65.28,-126.83,13.0,87.0,90.0,7.2
70,Santa Maria,16.6,-22.9,25.0,78.0,40.0,9.3
71,Sao Filipe,14.9,-24.5,24.15,84.0,100.0,9.36
72,Hithadhoo,-0.6,73.08,28.15,71.0,68.0,2.56
73,Dikson,73.51,80.55,6.35,99.0,100.0,3.46
74,Vestmannaeyjar,63.44,-20.27,8.85,81.0,36.0,5.69
75,Saint-Augustin,45.63,-73.98,23.46,38.0,40.0,2.6
76,Cape Town,-33.93,18.42,14.09,93.0,40.0,6.7
77,Ushuaia,-54.81,-68.31,3.0,64.0,40.0,6.2
78,Vaini,-21.2,-175.2,24.0,73.0,75.0,1.5
79,Punta Arenas,-53.16,-70.91,2.89,88.0,20.0,7.7
80,Port Alfred,-33.59,26.89,13.89,72.0,0.0,1.49
81,Punta Arenas,-53.16,-70.91,2.89,88.0,20.0,7.7
82,Tuktoyaktuk,69.44,-133.03,4.0,93.0,90.0,13.4
83,Ushuaia,-54.81,-68.31,3.0,64.0,40.0,6.2
84,Broome,-17.97,122.23,21.0,94.0,90.0,3.1
85,Kobryn,52.21,24.36,11.95,79.0,20.0,0.61
86,Rikitea,-23.12,-134.97,23.75,85.0,5.0,4.75
87,Verkhnetulomskiy,68.61,31.8,8.0,93.0,90.0,3.0
88,Nikolskoye,59.7,30.79,12.91,82.0,0.0,3.0
89,Buala,-8.15,159.59,28.35,77.0,69.0,7.7
90,Punta Arenas,-53.16,-70.91,2.89,88.0,20.0,7.7
91,Vila Franca do Campo,37.72,-25.43,22.0,83.0,20.0,1.5
92,Lodwar,3.12,35.6,26.55,42.0,0.0,10.5
93,Jamestown,-15.94,-5.72,19.15,76.0,100.0,8.9
94,Busselton,-33.64,115.35,11.95,71.0,100.0,13.64
95,Husavik,66.04,-17.34,9.0,81.0,75.0,5.7
96,Victoria,-4.62,55.45,26.0,83.0,98.0,7.7
97,Busselton,-33.64,115.35,11.95,71.0,100.0,13.64
98,Atuona,-9.8,-139.03,26.35,77.0,8.0,6.51
99,Arraial do Cabo,-22.97,-42.02,16.0,72.0,75.0,2.1
100,Hilo,19.71,-155.08,28.35,51.0,1.0,4.1
101,Kapaa,22.08,-159.32,29.18,66.0,40.0,5.1
102,Port Lincoln,-34.72,135.86,13.05,78.0,54.0,7.78
103,Shingu,33.72,135.99,22.95,97.0,100.0,3.9
104,Mundo Nuevo,18.09,-94.39,30.0,70.0,75.0,5.1
105,Saint-Donat-de-Montcalm,46.32,-74.22,20.0,5.0,9.0,0.45
106,Vancouver,49.26,-123.12,24.67,53.0,1.0,4.1
107,Port Elizabeth,-33.92,25.57,11.0,100.0,0.0,1.0
108,Sola,-13.88,167.55,26.45,81.0,26.0,9.35
109,Hilo,19.71,-155.08,28.35,51.0,1.0,4.1
110,Kapaa,22.08,-159.32,29.18,66.0,40.0,5.1
111,Busselton,-33.64,115.35,11.95,71.0,100.0,13.64
112,Souillac,-20.52,57.52,19.85,68.0,40.0,2.6
113,Mahebourg,-20.41,57.7,19.82,68.0,40.0,2.6
114,Punta Arenas,-53.16,-70.91,2.89,88.0,20.0,7.7
115,Longyearbyen,78.22,15.64,1.0,95.0,75.0,2.1
116,Alofi,-19.06,-169.92,24.75,81.0,63.0,5.7
117,Rikitea,-23.12,-134.97,23.75,85.0,5.0,4.75
118,Kahului,20.89,-156.47,27.59,69.0,40.0,8.2
119,Poum,-20.23,164.02,20.05,71.0,7.0,6.52
120,Port Alfred,-33.59,26.89,13.89,72.0,0.0,1.49
121,Kendari,-3.99,122.52,25.85,72.0,70.0,0.77
122,Banjar,-7.37,108.54,21.95,88.0,100.0,0.9
123,Saint-Philippe,-21.36,55.77,16.13,55.0,40.0,3.6
124,Mar del Plata,-46.43,-67.52,1.55,74.0,3.0,1.03
125,Atuona,-9.8,-139.03,26.35,77.0,8.0,6.51
126,Kijang,0.9,104.63,27.0,78.0,20.0,3.24
127,Saskylakh,71.97,114.09,13.25,51.0,73.0,3.77
128,Labuhan,-2.54,115.51,24.95,58.0,38.0,0.43
129,San Patricio,19.22,-104.7,34.0,63.0,75.0,5.1
130,Atuona,-9.8,-139.03,26.35,77.0,8.0,6.51
131,Lorengau,-2.02,147.27,26.85,80.0,99.0,1.7
132,Saint-Philippe,-21.36,55.77,16.13,55.0,40.0,3.6
133,Bluff,-46.6,168.33,12.22,72.0,98.0,4.47
134,Ostrovnoy,68.05,39.51,9.25,97.0,100.0,4.7
135,Georgetown,-7.93,-14.42,23.05,80.0,4.0,9.71
136,Berlevag,70.86,29.09,6.95,89.0,98.0,2.18
137,Rikitea,-23.12,-134.97,23.75,85.0,5.0,4.75
138,Concepcion del Uruguay,-32.48,-58.24,13.45,68.0,100.0,0.45
139,Xining,36.62,101.77,13.75,47.0,90.0,1.94
140,Barrow,39.51,-90.4,26.11,74.0,40.0,2.25
141,Tiksi,71.64,128.87,6.75,81.0,60.0,5.4
142,Beringovskiy,63.05,179.32,10.45,48.0,62.0,5.42
143,Riyadh,24.63,46.72,32.0,18.0,0.0,2.6
144,Aykhal,65.95,111.51,7.0,93.0,90.0,3.0
145,Saint-Philippe,-21.36,55.77,16.13,55.0,40.0,3.6
146,Chingirlau,51.09,54.08,18.95,68.0,0.0,2.63
147,Tawang,27.58,91.87,14.75,97.0,98.0,0.59
148,Ngorongoro,-3.24,35.49,15.35,75.0,0.0,8.5
149,Kaitangata,-46.28,169.85,11.45,62.0,78.0,6.78
150,Santiago del Estero,-27.8,-64.26,12.45,33.0,3.0,0.71
151,Luderitz,-26.65,15.16,25.0,53.0,0.0,1.5
152,Dealu Morii,46.3,27.3,16.07,82.0,0.0,5.1
153,Atuona,-9.8,-139.03,26.35,77.0,8.0,6.51
154,Nikolskoye,59.7,30.79,12.91,82.0,0.0,3.0
155,Albany,-35.02,117.88,11.0,81.0,90.0,3.6
156,New Norfolk,-42.78,147.06,8.34,76.0,75.0,4.6
157,Arrifes,37.77,-25.7,22.0,83.0,20.0,1.5
158,Mahebourg,-20.41,57.7,19.82,68.0,40.0,2.6
159,Otradnoye,59.77,30.8,12.92,82.0,0.0,3.0
160,Bambous Virieux,-20.34,57.76,19.89,68.0,40.0,2.6
161,Mar del Plata,-46.43,-67.52,1.55,74.0,3.0,1.03
162,Segezha,63.74,34.31,10.15,96.0,51.0,3.7
163,Georgetown,-7.93,-14.42,23.05,80.0,4.0,9.71
164,Kapaa,22.08,-159.32,29.18,66.0,40.0,5.1
165,Souillac,-20.52,57.52,19.85,68.0,40.0,2.6
166,Khatanga,71.98,102.47,13.75,49.0,76.0,3.69
167,Thompson,55.74,-97.86,16.0,82.0,75.0,1.5
168,Tasiilaq,65.61,-37.64,8.0,65.0,97.0,1.0
169,Nanortalik,60.14,-45.24,3.45,95.0,100.0,0.9
170,Taseyevo,57.22,94.9,13.85,78.0,65.0,2.45
171,Tazovskiy,67.47,78.7,11.05,85.0,100.0,3.48
172,Hilo,19.71,-155.08,28.35,51.0,1.0,4.1
173,Sinnamary,5.38,-52.96,27.55,76.0,16.0,6.3
174,Nouadhibou,20.93,-17.03,21.0,88.0,20.0,6.7
175,Keelung,25.13,121.74,28.17,78.0,75.0,2.1
176,Lompoc,34.64,-120.46,23.18,60.0,1.0,5.1
177,Bluff,-46.6,168.33,12.22,72.0,98.0,4.47
178,Tessalit,20.2,1.01,30.75,40.0,39.0,3.28
179,Jamestown,-15.94,-5.72,19.15,76.0,100.0,8.9
180,Hermanus,-34.42,19.24,9.39,97.0,0.0,2.74
181,Kapaa,22.08,-159.32,29.18,66.0,40.0,5.1
182,Port Elizabeth,-33.92,25.57,11.0,100.0,0.0,1.0
183,Lebu,-37.62,-73.65,11.35,92.0,79.0,8.82
184,Punta Arenas,-53.16,-70.91,2.89,88.0,20.0,7.7
185,Iqaluit,63.75,-68.52,3.95,93.0,40.0,1.5
186,Tuatapere,-46.13,167.69,12.22,72.0,100.0,4.47
187,Abeche,13.83,20.83,23.05,75.0,100.0,2.52
188,Rikitea,-23.12,-134.97,23.75,85.0,5.0,4.75
189,Chokurdakh,70.62,147.9,12.95,43.0,33.0,4.85
190,Castro,-42.48,-73.76,9.0,100.0,90.0,5.1
191,Cape Town,-33.93,18.42,14.09,93.0,40.0,6.7
192,Saskylakh,71.97,114.09,13.25,51.0,73.0,3.77
193,Srednekolymsk,67.46,153.71,16.95,33.0,0.0,5.21
194,Hilo,19.71,-155.08,28.35,51.0,1.0,4.1
195,Provideniya,64.42,-173.23,10.0,87.0,90.0,2.0
196,Padang,-0.92,100.36,27.05,80.0,59.0,2.98
197,Pevek,69.7,170.27,0.55,95.0,93.0,6.01
198,Mahebourg,-20.41,57.7,19.82,68.0,40.0,2.6
199,Rikitea,-23.12,-134.97,23.75,85.0,5.0,4.75
200,Rikitea,-23.12,-134.97,23.75,85.0,5.0,4.75
201,Port Hardy,50.7,-127.42,20.0,68.0,20.0,8.7
202,Arraial do Cabo,-22.97,-42.02,16.0,72.0,75.0,2.1
203,Cabedelo,-6.97,-34.84,24.0,88.0,20.0,4.1
204,Kloulklubed,7.04,134.26,27.0,88.0,75.0,3.43
205,New Norfolk,-42.78,147.06,8.34,76.0,75.0,4.6
206,Vila Franca do Campo,37.72,-25.43,22.0,83.0,20.0,1.5
207,Nikolskoye,59.7,30.79,12.91,82.0,0.0,3.0
208,La Ronge,55.1,-105.3,22.0,56.0,40.0,2.6
209,Nanortalik,60.14,-45.24,3.45,95.0,100.0,0.9
210,Dikson,73.51,80.55,6.35,99.0,100.0,3.46
211,Atuona,-9.8,-139.03,26.35,77.0,8.0,6.51
212,Prince Rupert,54.32,-130.32,15.0,93.0,90.0,4.1
213,Cape Town,-33.93,18.42,14.09,93.0,40.0,6.7
214,Busselton,-33.64,115.35,11.95,71.0,100.0,13.64
215,Atuona,-9.8,-139.03,26.35,77.0,8.0,6.51
216,Saldanha,-33.01,17.94,12.0,81.0,0.0,3.6
217,Pacific Grove,36.62,-121.92,28.68,50.0,1.0,3.6
218,Leningradskiy,69.38,178.42,2.55,91.0,100.0,10.03
219,Saint-Pierre,46.77,-56.17,17.86,82.0,20.0,5.1
220,Terney,45.05,136.61,16.15,98.0,100.0,5.41
221,Lebu,-37.62,-73.65,11.35,92.0,79.0,8.82
222,Atuona,-9.8,-139.03,26.35,77.0,8.0,6.51
223,Khatanga,71.98,102.47,13.75,49.0,76.0,3.69
224,Qaanaaq,77.48,-69.36,5.25,45.0,0.0,1.71
225,Busselton,-33.64,115.35,11.95,71.0,100.0,13.64
226,Moree,-29.46,149.84,14.74,49.0,0.0,5.1
227,Mar del Plata,-46.43,-67.52,1.55,74.0,3.0,1.03
228,Hobart,-42.88,147.33,8.04,87.0,75.0,3.1
229,Avarua,-21.21,-159.78,23.0,78.0,64.0,2.6
230,Puerto Ayora,-0.74,-90.35,22.39,61.0,40.0,10.3
231,Bluff,-46.6,168.33,12.22,72.0,98.0,4.47
232,Avarua,-21.21,-159.78,23.0,78.0,64.0,2.6
233,Port Alfred,-33.59,26.89,13.89,72.0,0.0,1.49
234,Guadalupe Victoria,21.68,-105.33,30.0,62.0,75.0,3.47
235,Sao Domingos,-13.4,-46.32,22.85,44.0,0.0,3.43
236,Cape Town,-33.93,18.42,14.09,93.0,40.0,6.7
237,Lorengau,-2.02,147.27,26.85,80.0,99.0,1.7
238,Dikson,73.51,80.55,6.35,99.0,100.0,3.46
239,Bambous Virieux,-20.34,57.76,19.89,68.0,40.0,2.6
240,Dikson,73.51,80.55,6.35,99.0,100.0,3.46
241,Cape Town,-33.93,18.42,14.09,93.0,40.0,6.7
242,Shingu,33.72,135.99,22.95,97.0,100.0,3.9
243,Coquimbo,-29.95,-71.34,14.0,71.0,0.0,3.1
244,Ribeira Grande,38.52,-28.7,22.95,89.0,0.0,4.6
245,Punta Arenas,-53.16,-70.91,2.89,88.0,20.0,7.7
246,Busselton,-33.64,115.35,11.95,71.0,100.0,13.64
247,Saskylakh,71.97,114.09,13.25,51.0,73.0,3.77
248,Rikitea,-23.12,-134.97,23.75,85.0,5.0,4.75
249,Pisco,-13.71,-76.2,18.6,30.0,90.0,3.1
250,Hermanus,-34.42,19.24,9.39,97.0,0.0,2.74
251,Ketchikan,55.34,-131.65,18.67,68.0,90.0,4.1
252,Concarneau,47.88,-3.92,14.39,100.0,20.0,1.5
253,Aquiraz,-3.9,-38.39,26.49,74.0,20.0,7.2
254,Hermanus,-34.42,19.24,9.39,97.0,0.0,2.74
255,Castro,-42.48,-73.76,9.0,100.0,90.0,5.1
256,Acapulco,16.86,-99.88,32.0,66.0,75.0,3.1
257,Orbetello,42.44,11.21,20.8,88.0,0.0,2.6
258,Berlevag,70.86,29.09,6.95,89.0,98.0,2.18
259,Arraial do Cabo,-22.97,-42.02,16.0,72.0,75.0,2.1
260,Roald,62.58,6.12,11.74,87.0,100.0,6.2
261,Arlit,18.74,7.39,36.45,9.0,4.0,6.35
262,Cayenne,4.94,-52.33,27.0,83.0,20.0,1.5
263,Gurupi,-11.73,-49.07,27.55,36.0,53.0,2.71
264,Iqaluit,63.75,-68.52,3.95,93.0,40.0,1.5
265,Port Alfred,-33.59,26.89,13.89,72.0,0.0,1.49
266,Rabo de Peixe,37.8,-25.58,22.0,83.0,20.0,1.5
267,Auki,-8.77,160.7,28.05,79.0,15.0,10.41
268,Puerto Ayora,-0.74,-90.35,22.39,61.0,40.0,10.3
269,Flic en Flac,-20.27,57.36,19.97,68.0,40.0,2.6
270,Atuona,-9.8,-139.03,26.35,77.0,8.0,6.51
271,Busselton,-33.64,115.35,11.95,71.0,100.0,13.64
272,Porto Belo,-27.15,-48.54,17.71,82.0,75.0,2.6
273,Kapaa,22.08,-159.32,29.18,66.0,40.0,5.1
274,Norman Wells,65.28,-126.83,13.0,87.0,90.0,7.2
275,Carnarvon,-24.87,113.63,8.0,81.0,0.0,3.1
276,Buala,-8.15,159.59,28.35,77.0,69.0,7.7
277,Ushuaia,-54.81,-68.31,3.0,64.0,40.0,6.2
278,Punta Arenas,-53.16,-70.91,2.89,88.0,20.0,7.7
279,Ushuaia,-54.81,-68.31,3.0,64.0,40.0,6.2
280,Busselton,-33.64,115.35,11.95,71.0,100.0,13.64
281,Vaini,-21.2,-175.2,24.0,73.0,75.0,1.5
282,Aklavik,68.22,-135.01,5.4,93.0,90.0,9.8
283,Cherskiy,68.75,161.3,11.65,44.0,0.0,3.45
284,Ponta do Sol,17.2,-25.09,26.0,57.0,40.0,10.8
285,Port Elizabeth,-33.92,25.57,11.0,100.0,0.0,1.0
286,Jamestown,-15.94,-5.72,19.15,76.0,100.0,8.9
287,Victoria,-4.62,55.45,26.0,83.0,98.0,7.7
288,Atuona,-9.8,-139.03,26.35,77.0,8.0,6.51
289,Cabedelo,-6.97,-34.84,24.0,88.0,20.0,4.1
290,Longyearbyen,78.22,15.64,1.0,95.0,75.0,2.1
291,Ushuaia,-54.81,-68.31,3.0,64.0,40.0,6.2
292,Coron,12.0,120.2,28.05,78.0,95.0,3.36
293,Torbay,47.66,-52.73,14.69,87.0,40.0,5.1
294,Ushuaia,-54.81,-68.31,3.0,64.0,40.0,6.2
295,Yellowknife,62.45,-114.38,17.85,52.0,75.0,3.1
296,Butaritari,3.07,172.79,29.15,64.0,96.0,3.21
297,Umm Lajj,25.02,37.27,31.45,65.0,52.0,4.18
298,Albany,-35.02,117.88,11.0,81.0,90.0,3.6
299,Vaini,-21.2,-175.2,24.0,73.0,75.0,1.5
300,Kasaragod,12.5,75.0,25.0,88.0,75.0,3.6
301,Jamestown,-15.94,-5.72,19.15,76.0,100.0,8.9
302,Qaanaaq,77.48,-69.36,5.25,45.0,0.0,1.71
303,Zhigansk,66.77,123.37,11.95,69.0,78.0,9.76
304,Kaitangata,-46.28,169.85,11.45,62.0,78.0,6.78
305,Fredonia,42.44,-79.33,23.66,69.0,1.0,3.1
306,Inta,66.04,60.13,12.95,82.0,100.0,4.29
307,Hobart,-42.88,147.33,8.04,87.0,75.0,3.1
308,Kodiak,39.95,-94.76,20.01,94.0,75.0,2.6
309,Kungurtug,50.6,97.53,9.95,73.0,49.0,0.52
310,Sena Madureira,-9.07,-68.66,23.85,45.0,0.0,0.64
311,Cherskiy,68.75,161.3,11.65,44.0,0.0,3.45
312,Albany,-35.02,117.88,11.0,81.0,90.0,3.6
313,Vostok,46.45,135.83,22.55,71.0,98.0,3.5
314,Portland,-33.35,149.98,10.29,46.0,0.0,5.36
315,Celestun,20.87,-90.4,28.55,78.0,100.0,6.95
316,Kapaa,22.08,-159.32,29.18,66.0,40.0,5.1
317,Valparaiso,-33.04,-71.63,11.38,100.0,90.0,2.1
318,Sabha,27.03,14.43,28.75,33.0,8.0,5.54
319,New Norfolk,-42.78,147.06,8.34,76.0,75.0,4.6
320,Vaini,-21.2,-175.2,24.0,73.0,75.0,1.5
321,Dikson,73.51,80.55,6.35,99.0,100.0,3.46
322,Atuona,-9.8,-139.03,26.35,77.0,8.0,6.51
323,Fauske,67.26,15.4,10.56,94.0,84.0,1.23
324,Kajaani,64.22,27.73,13.0,93.0,90.0,3.6
325,Roebourne,-20.77,117.15,19.35,47.0,0.0,8.12
326,Moba,-7.04,29.77,14.95,59.0,0.0,2.15
327,Katsuura,33.93,134.5,26.88,94.0,75.0,2.1
328,Tiksi,71.64,128.87,6.75,81.0,60.0,5.4
329,Rikitea,-23.12,-134.97,23.75,85.0,5.0,4.75
330,East London,-33.02,27.91,13.25,38.0,0.0,1.74
331,Mangan,27.5,88.54,15.05,93.0,99.0,0.42
332,Jutai,-1.71,-47.89,23.15,96.0,67.0,1.35
333,Cornwall,45.02,-74.73,22.6,49.0,1.0,3.6
334,Kapaa,22.08,-159.32,29.18,66.0,40.0,5.1
335,Nanortalik,60.14,-45.24,3.45,95.0,100.0,0.9
336,Tuktoyaktuk,69.44,-133.03,4.0,93.0,90.0,13.4
337,Nyurba,63.29,118.35,15.95,66.0,100.0,4.2
338,Tasiilaq,65.61,-37.64,8.0,65.0,97.0,1.0
339,Georgetown,-7.93,-14.42,23.05,80.0,4.0,9.71
340,Areosa,41.72,-8.86,18.15,93.0,0.0,3.1
341,Busselton,-33.64,115.35,11.95,71.0,100.0,13.64
342,Nuevo Ideal,24.89,-105.07,24.05,46.0,100.0,3.86
343,Arraial do Cabo,-22.97,-42.02,16.0,72.0,75.0,2.1
344,Tuktoyaktuk,69.44,-133.03,4.0,93.0,90.0,13.4
345,Liberal,37.04,-100.92,36.38,36.0,1.0,2.1
346,Port Hardy,50.7,-127.42,20.0,68.0,20.0,8.7
347,Nemuro,43.32,145.57,17.25,96.0,100.0,8.56
348,Mangai,-4.07,19.59,23.15,26.0,1.0,1.07
349,Barrow,39.51,-90.4,26.11,74.0,40.0,2.25
350,Ushuaia,-54.81,-68.31,3.0,64.0,40.0,6.2
351,Neuquen,-38.95,-68.06,8.0,61.0,0.0,2.6
352,Umm Kaddadah,13.6,26.69,26.55,65.0,29.0,4.91
353,Kiunga,-6.12,141.3,24.05,97.0,94.0,0.55
354,Hobart,-42.88,147.33,8.04,87.0,75.0,3.1
355,Katrineholm,59.0,16.21,14.77,82.0,0.0,2.6
356,Busselton,-33.64,115.35,11.95,71.0,100.0,13.64
357,Albany,-35.02,117.88,11.0,81.0,90.0,3.6
358,Rikitea,-23.12,-134.97,23.75,85.0,5.0,4.75
359,Carnarvon,-24.87,113.63,8.0,81.0,0.0,3.1
360,Cape Town,-33.93,18.42,14.09,93.0,40.0,6.7
361,Zhigansk,66.77,123.37,11.95,69.0,78.0,9.76
362,Georgetown,-7.93,-14.42,23.05,80.0,4.0,9.71
363,Atuona,-9.8,-139.03,26.35,77.0,8.0,6.51
364,Bay Roberts,47.58,-53.28,14.64,87.0,40.0,5.1
365,Auki,-8.77,160.7,28.05,79.0,15.0,10.41
366,Georgetown,6.8,-58.16,28.0,83.0,40.0,4.1
367,Cape Town,-33.93,18.42,14.09,93.0,40.0,6.7
368,Taiyuan,37.86,112.56,19.0,42.0,0.0,4.0
369,Bay Roberts,47.58,-53.28,14.64,87.0,40.0,5.1
370,Winton,-46.14,168.32,12.22,72.0,98.0,4.47
371,Bethel,60.79,-161.76,14.0,93.0,90.0,8.2
372,Nikolskoye,59.7,30.79,12.91,82.0,0.0,3.0
373,Turkmenabat,39.09,63.58,19.0,37.0,0.0,5.1
374,Pedasi,7.53,-80.03,22.35,94.0,100.0,1.23
375,Cape Town,-33.93,18.42,14.0,93.0,40.0,6.7
376,Punta Arenas,-53.16,-70.91,2.89,88.0,20.0,7.7
377,Bluff,-46.6,168.33,12.22,72.0,98.0,4.47
378,Coremas,-7.02,-37.95,24.55,55.0,82.0,4.63
379,Dikson,73.51,80.55,6.35,99.0,100.0,3.46
380,Katsuura,33.93,134.5,26.88,94.0,75.0,2.1
381,Barrow,39.51,-90.4,26.06,74.0,40.0,2.25
382,Marawi,18.48,31.82,32.55,44.0,12.0,3.59
383,Hithadhoo,-0.6,73.08,28.15,71.0,68.0,2.56
384,Shache,38.42,77.24,24.44,92.0,21.0,5.36
385,Qaanaaq,77.48,-69.36,5.25,45.0,0.0,1.71
386,Bulawayo,-20.16,28.59,12.95,89.0,8.0,5.05
387,Sao Filipe,14.9,-24.5,24.15,84.0,100.0,9.36
388,Jamestown,-15.94,-5.72,19.15,76.0,100.0,8.9
389,Cherskiy,68.75,161.3,11.65,44.0,0.0,3.45
390,Samut Sakhon,13.55,100.27,27.4,83.0,20.0,1.5
391,Middleton,44.94,-65.07,25.0,33.0,20.0,2.6
392,Juneau,58.3,-134.42,19.0,68.0,90.0,1.5
393,Avarua,-21.21,-159.78,23.0,78.0,64.0,2.6
394,Ixtapa,20.71,-105.21,31.84,66.0,40.0,3.6
395,Korla,41.76,86.15,23.94,70.0,0.0,2.24
396,Bechem,7.09,-2.02,21.55,98.0,60.0,1.15
397,Albany,-35.02,117.88,11.0,81.0,90.0,3.6
398,Pevek,69.7,170.27,0.55,95.0,93.0,6.01
399,Rikitea,-23.12,-134.97,23.75,85.0,5.0,4.75
400,Punta Arenas,-53.16,-70.91,2.89,88.0,20.0,7.7
401,Nakamura,35.17,136.87,26.77,83.0,75.0,8.7
402,Vardo,70.37,31.11,7.0,100.0,75.0,1.5
403,Atuona,-9.8,-139.03,26.35,77.0,8.0,6.51
404,Kapaa,22.08,-159.32,29.18,66.0,40.0,5.1
405,Lebu,-37.62,-73.65,11.35,92.0,79.0,8.82
406,Clyde River,70.47,-68.59,5.0,93.0,90.0,2.6
407,Yar-Sale,66.83,70.83,11.25,95.0,33.0,0.97
408,Bredasdorp,-34.53,20.04,8.0,93.0,0.0,2.6
409,Hamilton,32.3,-64.78,28.74,74.0,40.0,5.7
410,Caravelas,-17.73,-39.27,21.35,68.0,76.0,8.3
411,Kapaa,22.08,-159.32,29.18,66.0,40.0,5.1
412,Bredasdorp,-34.53,20.04,8.0,93.0,0.0,2.6
413,Guerrero Negro,27.97,-114.04,21.05,76.0,40.0,7.53
414,Longyearbyen,78.22,15.64,1.0,95.0,75.0,2.1
415,Nikolskoye,59.7,30.79,12.91,82.0,0.0,3.0
416,Bichena,10.45,38.2,10.75,86.0,53.0,2.29
417,Chapais,49.78,-74.86,19.0,48.0,75.0,3.1
418,Albany,-35.02,117.88,11.0,81.0,90.0,3.6
419,Ushuaia,-54.81,-68.31,3.0,64.0,40.0,6.2
420,Gisborne,-38.66,178.02,13.89,57.0,0.0,1.34
421,Rikitea,-23.12,-134.97,23.75,85.0,5.0,4.75
422,Port Alfred,-33.59,26.89,13.89,72.0,0.0,1.49
423,Coquimbo,-29.95,-71.34,14.0,71.0,0.0,3.1
424,Nybro,56.75,15.91,16.14,72.0,96.0,5.1
425,Ust-Omchug,61.13,149.63,15.35,48.0,21.0,1.23
426,Cape Town,-33.93,18.42,14.0,93.0,40.0,6.7
427,Mahebourg,-20.41,57.7,19.85,68.0,40.0,2.6
428,Saint George,32.38,-64.68,28.74,74.0,40.0,5.7
429,Bambous Virieux,-20.34,57.76,19.89,68.0,40.0,2.6
430,Chuy,-33.69,-53.46,10.35,93.0,100.0,2.54
431,Grand-Santi,4.27,-54.38,23.05,97.0,64.0,1.17
432,Jamestown,-15.94,-5.72,19.15,76.0,100.0,8.9
433,Antalaha,-14.9,50.28,15.35,98.0,9.0,1.34
434,Mount Gambier,-37.83,140.78,10.0,100.0,90.0,6.2
435,Kapaa,22.08,-159.32,29.18,66.0,40.0,5.1
436,Hobart,-42.88,147.33,8.34,76.0,75.0,4.6
437,Port Hardy,50.7,-127.42,20.0,68.0,20.0,8.7
438,Komsomolskiy,67.55,63.78,9.75,90.0,100.0,3.28
439,Tasiilaq,65.61,-37.64,8.0,65.0,97.0,1.0
440,Thompson,55.74,-97.86,16.0,82.0,75.0,1.5
441,Port Lincoln,-34.72,135.86,13.05,78.0,54.0,7.78
442,Dikson,73.51,80.55,6.35,99.0,100.0,3.46
443,Busselton,-33.64,115.35,11.95,71.0,100.0,13.64
444,Caraquet,47.79,-64.94,21.14,53.0,1.0,2.6
445,Rawson,-43.3,-65.11,4.85,80.0,83.0,6.78
446,Dali,25.6,100.24,16.05,91.0,51.0,0.67
447,Son La,21.32,103.9,21.05,98.0,100.0,0.7
448,Tevaitoa,-16.78,-151.5,25.65,76.0,0.0,6.08
449,Mikuni,36.22,136.15,27.0,83.0,75.0,9.3
450,Saint-Philippe,-21.36,55.77,16.13,55.0,40.0,3.6
451,Podporozhye,60.91,34.16,10.25,97.0,0.0,2.68
452,Kisangani,0.52,25.21,21.35,84.0,39.0,1.19
453,Port Hedland,-20.31,118.58,14.0,93.0,2.0,3.1
454,Butaritari,3.07,172.79,29.15,64.0,96.0,3.21
455,Khandyga,62.65,135.58,22.55,39.0,93.0,1.98
456,Luanda,-8.83,13.24,21.0,94.0,20.0,2.1
457,Rikitea,-23.12,-134.97,23.75,85.0,5.0,4.75
458,Tuatapere,-46.13,167.69,12.22,72.0,100.0,4.47
459,Lebu,-37.62,-73.65,11.35,92.0,79.0,8.82
460,Vaini,-21.2,-175.2,24.0,73.0,75.0,1.5
461,Necochea,-38.55,-58.74,6.67,86.0,100.0,0.89
462,Albany,-35.02,117.88,11.0,81.0,90.0,3.6
463,Ushuaia,-54.81,-68.31,3.0,64.0,40.0,6.2
464,Dikson,73.51,80.55,6.35,99.0,100.0,3.46
465,Butaritari,3.07,172.79,29.15,64.0,96.0,3.21
466,Saint-Philippe,-21.36,55.77,16.13,55.0,40.0,3.6
467,Nikolskoye,59.7,30.79,12.91,82.0,0.0,3.0
468,Tulu Bolo,8.66,38.21,12.85,88.0,40.0,1.11
469,Trincomalee,8.58,81.23,26.15,77.0,100.0,3.95
470,Sao Jose da Coroa Grande,-8.9,-35.15,20.25,95.0,1.0,1.86
471,Beringovskiy,63.05,179.32,10.45,48.0,62.0,5.42
472,Ilulissat,69.22,-51.1,8.0,75.0,75.0,2.1
473,Arraial do Cabo,-22.97,-42.02,16.0,72.0,75.0,2.1
474,Vila Velha,-3.71,-38.6,26.52,74.0,20.0,7.2
475,Punta Arenas,-53.16,-70.91,2.89,88.0,20.0,7.7
476,Ushuaia,-54.81,-68.31,3.0,64.0,40.0,6.2
477,Port Elizabeth,-33.92,25.57,11.0,100.0,0.0,1.0
478,Maceio,-9.67,-35.74,23.0,83.0,75.0,2.1
479,Salalah,17.01,54.1,25.0,94.0,90.0,1.0
480,Quelimane,-17.88,36.89,22.0,83.0,20.0,2.1
481,Georgetown,-7.93,-14.42,23.05,80.0,4.0,9.71
482,Carnarvon,-24.87,113.63,8.0,81.0,0.0,3.1
483,The Valley,18.22,-63.06,29.19,74.0,40.0,6.2
484,Butaritari,3.07,172.79,29.15,64.0,96.0,3.21
485,Beringovskiy,63.05,179.32,10.45,48.0,62.0,5.42
486,Benjamin Aceval,-24.97,-57.57,22.0,56.0,49.0,2.1
487,Ciudad Real,38.99,-3.93,26.67,31.0,0.0,1.17
488,Jiwani,25.05,61.74,26.15,85.0,52.0,2.25
489,Chokurdakh,70.62,147.9,12.95,43.0,33.0,4.85
490,Baturaja,-4.12,104.17,22.65,95.0,92.0,1.17
491,Thompson,55.74,-97.86,16.0,82.0,75.0,1.5
492,Victoria,-4.62,55.45,26.0,83.0,98.0,7.7
493,Diphu,25.84,93.44,24.85,95.0,87.0,1.01
494,Rikitea,-23.12,-134.97,23.75,85.0,5.0,4.75
495,Luau,-10.71,22.22,17.75,34.0,0.0,2.02
496,Nikolskoye,59.7,30.79,12.91,82.0,0.0,3.0
497,Saint-Augustin,45.63,-73.98,23.46,38.0,40.0,2.6
498,Saint George,32.38,-64.68,28.74,74.0,40.0,5.7
499,Barrow,39.51,-90.4,26.06,74.0,40.0,2.25
500,East London,-33.02,27.91,13.25,38.0,0.0,1.74
501,Puerto Ayora,-0.74,-90.35,22.4,61.0,40.0,10.3
502,Padang,-0.92,100.36,27.05,80.0,59.0,2.98
503,Northam,-31.65,116.67,10.0,81.0,0.0,3.6
504,Narsaq,60.91,-46.05,10.0,61.0,40.0,5.7
505,Punta Arenas,-53.16,-70.91,2.89,88.0,20.0,7.7
506,Manicore,-5.81,-61.3,26.15,56.0,24.0,0.81
507,Huancavelica,-12.79,-74.97,2.45,55.0,0.0,3.02
508,Busselton,-33.64,115.35,11.95,71.0,100.0,13.64
509,Coquimbo,-29.95,-71.34,14.0,71.0,0.0,3.1
510,Rabo de Peixe,37.8,-25.58,22.0,83.0,20.0,1.5
511,Kimberley,49.68,-115.98,25.0,31.0,75.0,2.6
512,Leh,34.16,77.58,7.85,62.0,18.0,2.25
513,Surt,31.21,16.59,26.75,82.0,0.0,6.8
514,Cape Town,-33.93,18.42,14.0,93.0,40.0,6.7
515,Prieska,-29.67,22.74,16.65,20.0,0.0,3.09
516,Avarua,-21.21,-159.78,23.0,78.0,64.0,2.6
517,Puerto Ayora,-0.74,-90.35,22.4,61.0,40.0,10.3
518,Ushuaia,-54.81,-68.31,3.0,64.0,40.0,6.2
519,Butaritari,3.07,172.79,29.15,64.0,96.0,3.21
520,Khatanga,71.98,102.47,13.75,49.0,76.0,3.69
521,Albany,-35.02,117.88,11.0,81.0,90.0,3.6
522,Butaritari,3.07,172.79,29.15,64.0,96.0,3.21
523,Ushuaia,-54.81,-68.31,3.0,64.0,40.0,6.2
524,Samarai,-10.62,150.67,24.85,92.0,73.0,3.62
525,Talnakh,69.49,88.39,14.0,87.0,75.0,4.0
526,Carnarvon,-24.87,113.63,8.0,81.0,0.0,3.1
527,Rome,34.26,-85.16,31.45,31.0,1.0,4.1
528,Dolores,-36.31,-57.68,7.75,85.0,100.0,2.48
529,Olinala,17.83,-98.85,26.45,74.0,23.0,0.32
530,Chokurdakh,70.62,147.9,12.95,43.0,33.0,4.85
531,Hobart,-42.88,147.33,8.34,76.0,75.0,4.6
532,Qaqortoq,60.72,-46.03,10.0,61.0,40.0,5.7
